{"eval_episode_reward_average": 0.5567490351292691, "eval_episode_reward_average_test_env_color_hard": 0.5522678031526487, "eval_episode_reward_average_test_env_video_easy": 0.5522692867708472, "train_episode_reward": 24.95742369946483, "_runtime": 33792, "_timestamp": 1705970346, "_step": 35761, "critic_loss": 0.058726999908685684, "critic_loss_aug": 0.11370478570461273, "aux_task_loss": -0.06271570920944214, "actor_loss": -16.829513549804688}