{"eval_episode_reward_average": 85.43333333333334, "eval_episode_reward_average_test_env_color_hard": 131.53333333333333, "_runtime": 546, "_timestamp": 1705935270, "_step": 0, "_wandb": {"runtime": 544}}