{"eval_episode_reward_average": 0.11381772628566818, "eval_episode_reward_average_test_env_color_hard": 0.12250404678208397, "_runtime": 243, "_timestamp": 1705935296, "_step": 0, "_wandb": {"runtime": 242}}